peptide,HLA-A*01:01,HLA-A*02:01,HLA-A*25:01,HLA-B*27:05,HLA-B*42:01,HLA-B*44:03,HLA-C*01:02,HLA-C*03:03,HLA-C*08:04
AKIEEGAQNG,0.0009457123,0.0004527567,0.0011442256,0.0018044374,0.0002923603,0.0034721743,0.0030820155,0.0019567576,0.0024492130
ALATHVHSQY,0.0015194001,0.0009993092,0.0008558478,0.0001169381,0.0000798741,0.0196880043,0.0002711518,0.0007760488,0.0023121913
ANTLKVVESQ,0.0000778409,0.0007241665,0.0004687027,0.0003200581,0.0007513210,0.0006741356,0.0007683949,0.0010157071,0.0000719107
AWQARYEWAC,0.0021530715,0.0006360799,0.0007049188,0.0003775499,0.0011969915,0.0009305906,0.0010299931,0.0000771090,0.0055601624
CFGKDPLLEP,0.0014530143,0.0011753183,0.0012494060,0.0001092924,0.0010880674,0.0015098337,0.0052649844,0.0006856294,0.0011036167
CHCPQCIQWK,0.0000630980,0.0017441579,0.0010863165,0.0006388749,0.0011871912,0.0021350233,0.0475475475,0.0003060120,0.0059039912
CNQWNQMRKW,0.0011428635,0.0011852831,0.0003973269,0.0018808435,0.0001358728,0.0008313349,0.0001539122,0.0017132650,0.0034972087
CSIICIQCTD,0.0011318481,0.0015926168,0.0011673449,0.0014301529,0.0015203224,0.0001119665,0.0026845563,0.0012244898,0.0074579127
CTQSTIKRKA,0.0018700673,0.0003100961,0.0104714355,0.0028434578,0.0269428152,0.0159743202,0.0009657170,0.0004998435,0.0003404135
CVKHGWYRLD,0.0029411765,0.0004281593,0.0009409439,0.0005494031,0.0011434473,0.0127085972,0.0011642444,0.0002697686,0.0007321253
CYMAHYHKIQ,0.0012969566,0.0010673710,0.0000041068,0.0008722561,0.0012146599,0.0010632212,0.0005699552,0.0010729640,0.0013308399
DEAMWTSAYC,0.0008076488,0.0009420123,0.0023120915,0.0009977885,0.0023360218,0.0018848808,0.0001120407,0.0007401083,0.0014385447
DGYARVQDGW,0.0009542873,0.0023506017,0.0020690861,0.0001441014,0.0005861837,0.0008444210,0.0016410511,0.0010625535,0.0003287085
DKSKVEHGWY,0.0009951042,0.0017173376,0.0019666183,0.0003872541,0.0018834599,0.0043794372,0.0024422728,0.0007871166,0.0043801263
DMVKILFGVF,0.0002027008,0.0002269837,0.0001386504,0.0014099671,0.0074672543,0.0001354947,0.0082434321,0.0006547838,0.0016440176
DQVLLCIWTI,0.0005353595,0.0011178217,0.0007574839,0.0008694702,0.0014231986,0.0000430279,0.0006432392,0.0000044123,0.0032109104
DVLVLNSCIQ,0.0012194160,0.0012594950,0.0010724233,0.0011705054,0.0023554667,0.0004965333,0.0012681537,0.0004768680,0.0013365983
EEWKPGARMY,0.0002190303,0.0000624658,0.0003601485,0.0012143428,0.0014250193,0.0009117364,0.0001865361,0.0013193234,0.0005796894
EGASCRRHQF,0.0002055885,0.0009119571,0.0012116895,0.0011081455,0.0009767699,0.0007336939,0.0135179247,0.0006803491,0.0002671707
EHEFDARNKI,0.0017763828,0.0014940740,0.0026382126,0.0003858375,0.0011395156,0.0057891367,0.0005071828,0.0015897225,0.0016306263
EHMYPCNFRQ,0.0001367833,0.0024205193,0.0006997909,0.0016152753,0.0003125070,0.0010722543,0.0011873815,0.0011797544,0.0010489556
EIEATDRKAK,0.0017425705,0.0019606831,0.0006442982,1.0909090909,0.0003827043,0.0008120508,0.0005739015,0.0002107334,0.0020853282
ERNYAGPLIL,0.0281380962,0.0005072341,0.0012199802,0.0010311012,0.0000955481,0.0056945023,0.0012227671,0.0008282559,0.0013531282
EWYDSQPGRS,0.0011610406,0.0002779519,0.0011784827,0.0225046586,0.0038585209,0.0004405347,0.0022266895,0.0009291037,0.0010188801
FHEWVIRPHS,0.0621248282,0.0006117248,0.0008394008,0.0001852039,0.0022518797,0.0013390916,0.0005752453,0.0012255366,0.0004872797
FMSQMQMTWD,0.0007213325,0.0036722245,0.0006135779,0.0097013607,0.0011790473,0.0026871211,0.0023522735,9.2696629213,0.0005700680
FMTHDSMMCY,0.0005399792,0.0008078913,0.0009054655,0.0009401438,0.0039757404,0.0013089766,0.0038894755,0.0004254971,0.0006390985
FSNAKVHICE,0.0022437641,0.0000792820,0.0022377667,0.0068059036,0.0009787914,0.0004705554,0.0003326344,0.0028164613,0.0008300395
FYVPINPNCN,0.0003200317,0.0021122803,0.0005117834,0.0012643066,0.0016966015,0.0010923356,0.0003135238,0.0015740400,0.0000979344
GAILPDKWGT,0.0015730419,0.0035334725,0.0005216044,0.0010115524,0.0000917627,0.0055545283,0.0041627902,0.0004056487,0.0013172066
GIGHPKHLAG,0.0002935458,0.0020052347,0.0000633193,0.0020583055,0.0008271632,0.0008280669,0.0090583129,0.0001886861,0.0029122003
GKYGGAPARQ,0.0001379408,0.0012721116,0.0002845697,0.0011482749,0.0037629351,0.0002410084,0.0018843944,0.0441184581,0.0004566987
GNIVICSEMV,0.0007805637,0.0012686764,0.0006344909,0.0005622437,0.0022501825,0.0014257173,0.0000994047,0.0000736396,0.0020309582
GQWLDYQDFR,0.0389625911,0.0022607522,0.0014863362,0.0012699892,0.0009513701,0.0015462087,0.0018870133,0.0007192626,0.0004666011
GSCMISLNPY,0.0003353558,0.0006961940,0.0635704875,0.0009805223,0.0021156511,0.0008551508,0.0006941273,0.0019947887,0.0053194291
HDWGFVNNAA,0.0011118777,0.0018839684,0.0009251247,0.0000115915,0.0050725575,0.0002611925,0.0052880601,0.0011923823,0.0000638933
HFMPSQEQPF,0.0004592992,0.0026057956,0.0001578963,0.0016253325,0.0005197098,0.0049281979,0.0004226875,0.0009212263,0.0058457613
HGNFCYMQVQ,0.0003970783,0.0019600730,0.0010904633,0.0010488749,0.0005947061,0.0007173099,0.0099084377,0.0012621932,0.0013733884
IDDYVQYRMK,0.0736395632,0.0014825532,0.0004848013,0.0124975399,0.0019694420,0.0006363098,0.0005909389,0.0000029771,0.0082039133
IHNTYWTGFY,0.0002917123,0.0015118739,0.0150396205,0.0006161766,0.0076812487,0.0005931573,0.0012811824,0.0023313976,0.0011443365
IIEFSCRREI,0.0001621868,0.0004032807,0.0006550703,0.0007808940,0.0009681421,0.0001268666,0.0015874917,0.0355987055,0.0013056118
ILHLCKRALE,0.0020939322,0.0000030951,0.0001424930,0.0010425446,0.0011927297,0.0002794082,0.0014231860,0.0003437465,0.0022314265
IMLAIMFQTH,0.0002408234,0.0051985050,0.0016195269,0.0010589937,0.0001906393,0.0013960276,0.0011195424,0.0045949926,0.0023276776
IPEYNMSVIC,0.0002377416,0.0009200937,0.0021867506,0.0014910604,0.0001901020,0.0004822254,0.0058490507,0.0004071394,0.0070091939
IYGPMSRNIC,0.0087971771,0.0009281207,0.0003355895,0.0003087255,0.0012950867,0.0006889777,0.0028946969,0.0162076191,0.0004901508
IYRPLDYMGE,0.0012910525,0.0002847576,0.0002936952,0.0012825541,0.0003210080,0.0011425013,0.0000817001,0.0002674086,0.0004028563
KAMTHIAWYD,0.0001564769,0.0006481643,0.0019431408,0.0003932052,0.0006413527,0.0063628747,0.0004524723,0.0008449263,0.0005786404
KFQEDLAREM,0.0002281609,0.0007468142,0.0008193945,0.0010700910,0.0000731828,0.0008698707,0.0009833325,0.0049269809,0.0017289509
KLEHMEANRR,0.0016903204,0.0042164483,0.0011142178,0.0026331092,0.0006101124,0.0024120279,0.0011954731,0.0025045072,0.0020518684
KNIWQYPSTD,0.0010658343,0.0001005041,0.0000496278,0.0014450398,0.0013189801,0.0004686093,0.0005784217,0.0004666842,0.0018115168
LCFYMYVVLH,0.0025122454,0.0009085770,0.0017385409,0.0003101627,0.0000258885,0.0006897589,0.0001532275,0.0001922280,0.0107604252
LCVYTVDFKS,0.0007238165,0.0004071293,0.0000459045,0.0010993066,0.0003118976,0.0002998973,0.0022368511,0.0000293405,0.0014976797
MAYEGHAFLH,0.0008926113,0.0015854658,0.0002074864,0.0010316593,0.0018980575,0.0005822031,0.0000316915,0.0004304346,0.0013995488
MKFQFACLSF,0.0003235869,0.0040980645,0.0013271359,0.0020608586,0.0010931765,0.0017032930,0.0031338031,0.0057025797,0.0010528435
MSMSCLERSM,0.0003931958,0.0123163142,0.0003460085,0.0001754738,0.0009782636,0.0009484549,0.0009968462,0.0006591531,0.0012101844
MVYEYKPDDE,0.0006385335,0.0007239750,0.0012614724,0.0049846041,0.0005701798,0.0007394572,0.0001389154,0.0099775438,0.0025212673
MWATLYYLNM,0.0007790622,0.0017651871,0.0011611657,0.0005609741,0.0020473318,0.0002052307,0.0161069837,0.0012046533,0.0007321589
NFHQWCNFHT,0.0008884674,0.0018190605,0.0055475652,0.0029255031,0.0006944669,0.0025351985,0.0015644134,0.0003484000,0.0920210764
NKMCVQNPYW,0.0979997484,0.0004475846,0.0008361361,0.0007227519,0.0011314859,0.0006581631,0.0012118378,0.0008074016,0.0003122681
NKWIGEGTMR,0.0001071021,0.0016169085,0.0005537774,0.0013668281,0.0014560020,0.0003577083,0.0008177083,0.0010584296,0.0018162026
NSTIPSLVGV,0.0092412815,0.0001444165,0.0007636748,0.0001614344,0.0010162378,0.0107682974,0.0141053119,0.0006638900,0.0007521304
NWFKRNWQQS,0.0131978446,0.0010990483,0.0016023365,0.0003213737,0.0000390474,0.0027342179,0.0057420241,0.0008008534,0.0011200206
PDIWIAGKIM,0.0022276887,0.0008939358,0.0010114740,0.0005239426,0.0024824430,0.0010510392,0.0007950548,0.0015192653,0.0005277211
PGAQKQFVEN,0.0003146099,0.0005617283,0.0003500196,0.0019951919,0.0002058364,0.0015699515,0.0007173738,0.0003553878,0.0029709511
PIKWKKAQTN,0.0005810194,0.0002951123,0.0003801527,0.0002606245,0.0000507218,0.0031390964,0.0017510579,0.0002182495,0.0007767335
PPTPSELFFK,0.0028863069,0.0014107811,0.0001674519,0.0014757594,0.0008463938,0.0001885600,0.0642002891,0.0003990971,0.0000988498
QFDRPRAVQS,0.0007123215,0.0010441808,0.0011214028,0.0017327890,0.0022312149,0.0008335330,0.0011463774,0.0015527462,0.0003604438
QHLEICCELS,0.0005916337,0.0488790303,0.0004300385,0.0022298117,0.0006749010,0.0014011128,0.0001100440,0.0005466058,0.0287346221
QNTEINSCMK,0.0018739638,0.0010404329,0.0003358079,0.0009593214,0.0005064276,0.0004328272,0.0016444107,0.0031022051,0.0000801287
QNTNTTRCLQ,0.0013042675,0.0127702131,0.0006984342,0.0003021129,0.0009069599,0.0005597547,0.0009235276,0.0004835631,0.0010471123
RCFKLHSPTE,0.0035464067,0.0231689582,0.0005543969,0.0005254898,0.0096107243,0.0003043162,0.0012839660,0.0017083756,0.0008319657
RERQVEGSCC,0.0087417321,0.0012603136,0.0035232492,0.0009901105,0.0026835430,0.0008615138,0.0008867670,0.0013312399,0.0009143806
RFSGQAGAIK,0.0008189812,0.0000077955,0.0002173496,0.0005362098,0.0107871532,0.0010725546,0.0000762569,0.0027867436,0.0114370550
RLARRAEAEQ,0.0007102701,0.0859722909,0.0023331473,0.0010887584,0.0012547918,0.0022030815,0.0008169989,0.0059926451,0.0004978748
RMGWLCLRTG,0.0002957334,0.0013545793,0.0011211395,0.0012334938,0.0054537476,0.0034897535,0.0018830435,0.0009617152,0.0000484269
RMSKHAGAGW,0.0010001821,0.0007049760,0.0012818763,0.0000958758,0.0005455776,0.0004458353,0.0004115308,0.0053167737,0.0003046135
RNQSNNLQFA,0.0006665618,0.0007795150,0.0011818415,0.0004408851,0.0033271735,0.0001594145,0.0009388958,0.0008639040,0.0008145782
RNSHETWNMS,0.0006918845,0.0018594027,0.0004193487,0.0013561375,0.0117201225,0.0009842663,0.0009812713,0.0024480339,0.0004795784
RQSRPPTDYI,0.0024143892,0.0012740423,0.0002503451,0.0005948253,0.0043912176,0.0005481864,0.0002286803,0.0007595292,0.0003613110
RQYPKEVSAG,0.0004336534,0.0011389256,0.0005233884,0.0009416948,0.0014554751,0.0008553288,0.0003897048,0.0000321876,0.0004463405
RTSDCMEAGG,0.0014219792,0.0019297084,0.0005475256,0.0009162455,0.0006450585,0.0057807100,0.0019329879,0.0047621365,0.0008209905
RWNWPDMNKC,0.0014804903,0.0036319803,0.0000370046,0.0008814238,0.0005028565,0.0006577590,0.0169588143,0.0002853109,0.0010048876
RYYCHITNCL,0.0002114153,0.0007908592,0.0002414409,0.0022706767,0.0010824730,0.0009860316,0.0001167711,0.0027016493,0.0009939094
SQMQLPLKKF,0.0010773368,0.0009710639,0.0009475455,0.0001934926,0.0005196951,0.0006015581,0.0006074127,0.0013345986,0.0013416209
SQWANEDNRL,0.0064123347,0.0008074198,0.0003366056,0.0214879384,0.0004703253,0.0060134211,0.0002415806,0.0003755343,0.0009522887
SRKWYKEDVS,0.0011919481,0.0003496428,0.0012434441,0.0030193798,0.0041417038,0.0006130797,0.0008636379,0.0549769203,0.0003455957
TINTWWPFTN,0.0001803617,0.0003861146,0.0011258075,0.0010210536,0.0002059428,0.0219425897,0.0010374408,0.0018096623,0.0001437422
TKCQPGGCEW,0.0050011281,0.0007181300,0.0013119703,0.0014662800,0.0008807327,0.0049443913,0.0015358662,0.0012049893,0.0002081118
TMMRHSEALC,0.0001390637,0.0041586967,0.0003318623,0.0006717498,0.0006638923,0.0003633602,0.0005395276,0.0042490624,0.0140431477
VEKIMHQDGL,0.0012381478,0.0053490700,0.0000041515,0.0014638219,0.0001206301,0.0025933965,0.0004690036,0.0008849192,0.0019807925
VENQDNEHMA,0.0004526072,0.0023518089,0.0010642267,0.0001502281,0.0051755040,0.0007356861,0.0076900577,0.0015432576,0.0001487092
VHLTRDFTLW,0.0090503868,0.0014246785,0.0037928367,0.0004103090,0.0000945521,0.0055497526,0.0005292695,0.0010725688,0.0000318668
VKRNIYCICW,0.0005757757,0.0005787176,0.0020181842,0.0007722502,0.0064819884,0.0010901935,0.0000265744,0.0014686589,0.0132864505
VMNYNQVFLE,0.0010449555,0.0009004320,0.0024298316,0.0046417800,0.0004164359,0.0008821008,0.0017750982,0.0003992470,0.0019044866
WIACVQVTFT,0.0023841999,0.0003680868,0.0008032477,0.0005073609,0.0006028682,0.0025433956,0.0109444890,0.0013778573,0.0000055389
WKEYTGCQMA,0.0004147686,0.0007840312,0.0444828331,0.0010855522,0.0003729491,0.0048293337,0.0010021803,0.0008944323,0.0022565537
WTEGWSMQPA,0.0008321625,0.0012092247,0.0007489368,0.0007585200,0.0003356549,0.0011072086,0.0008982094,0.0049787771,0.0001960040
YSHYFMNGIV,0.0115363283,0.0008265460,0.0007980475,0.0044102240,0.0000309497,0.0006043239,0.0008618671,0.0010173774,0.0008360175
YTPTIHIPLI,0.0000444296,0.0010261994,0.0003503365,0.0011906242,0.0005916480,0.0003533936,0.0000010164,0.0000755561,0.0020732446
YYKIDWLHQS,0.0016754630,0.0011577135,0.0023581515,0.0014965081,0.0013358602,0.0004907993,0.0009700940,0.0027130297,0.0027971487